Designator,Mid X,Mid Y,Layer,Rotation
BT1,94.5mm,28.0mm,Bottom,90.0
C1,6.625mm,21.46mm,Bottom,270.0
C2,8.625mm,21.46mm,Bottom,270.0
C3,10.625mm,21.46mm,Bottom,270.0
C4,12.625mm,21.46mm,Bottom,270.0
C5,14.625mm,21.46mm,Bottom,270.0
C6,6.625mm,17.46mm,Bottom,90.0
C7,8.625mm,17.46mm,Bottom,90.0
C8,10.625mm,17.46mm,Bottom,90.0
C9,12.625mm,17.46mm,Bottom,90.0
C10,14.625mm,17.46mm,Bottom,90.0
C14,13.1mm,12.0mm,Bottom,270.0
C15,15.1mm,12.0mm,Bottom,270.0
C16,17.1mm,12.0mm,Bottom,270.0
C17,19.1mm,12.0mm,Bottom,270.0
C18,21.1mm,12.0mm,Bottom,270.0
C19,13.1mm,8.0mm,Bottom,90.0
C20,15.1mm,8.0mm,Bottom,90.0
C21,17.1mm,8.0mm,Bottom,90.0
C22,19.1mm,8.0mm,Bottom,90.0
C23,21.1mm,8.0mm,Bottom,90.0
C27,64.3mm,67.6mm,Bottom,270.0
C28,56.3mm,85.1mm,Bottom,0.0
C29,58.0mm,79.582023mm,Bottom,0.0
C30,59.690001mm,85.1mm,Bottom,180.0
C31,62.1mm,76.0mm,Bottom,90.0
C32,63.9mm,76.0mm,Bottom,90.0
C33,99.5mm,36.5mm,Bottom,270.0
D1,90.5mm,18.5mm,Bottom,0.0
D2,21.5mm,73.0mm,Bottom,90.0
D4,21.5mm,80.5mm,Bottom,90.0
D8,58.0mm,82.082023mm,Bottom,90.0
F5,32.55mm,57.9mm,Bottom,270.0
F6,32.55mm,64.9mm,Bottom,270.0
F7,32.65mm,50.9mm,Bottom,270.0
F8,32.6mm,43.95mm,Bottom,270.0
F9,32.6mm,36.95mm,Bottom,270.0
F10,85.65mm,34.95mm,Bottom,270.0
L1,59.0mm,87.5mm,Bottom,270.0
L2,57.0mm,87.5mm,Bottom,270.0
R2,18.5mm,23.5mm,Bottom,90.0
R3,18.5mm,20.5mm,Bottom,90.0
R5,59.4mm,64.3mm,Bottom,270.0
R6,80.1mm,73.3mm,Bottom,270.0
R7,51.5mm,6.878318mm,Bottom,90.0
R8,54.0mm,6.878318mm,Bottom,90.0
R12,32.8mm,79.2mm,Bottom,90.0
R13,32.8mm,75.8mm,Bottom,90.0
R15,5.0mm,92.35mm,Bottom,90.0
R16,7.55mm,92.35mm,Bottom,90.0
R17,31.0125mm,64.9mm,Bottom,90.0
R18,31.0125mm,57.9mm,Bottom,90.0
R19,31.0125mm,50.9mm,Bottom,90.0
R20,26.4mm,64.9mm,Bottom,180.0
R21,26.4mm,57.9mm,Bottom,180.0
R22,26.4mm,50.9mm,Bottom,180.0
R23,31.0125mm,43.9mm,Bottom,90.0
R24,31.0125mm,36.9mm,Bottom,90.0
R25,31.0125mm,29.9mm,Bottom,90.0
R26,26.4mm,43.9mm,Bottom,180.0
R27,26.4mm,36.9mm,Bottom,180.0
R28,26.4mm,29.9mm,Bottom,180.0
R29,6.75mm,44.3mm,Bottom,90.0
R30,38.7mm,28.65mm,Bottom,90.0
R31,5.05mm,44.3mm,Bottom,90.0
R32,36.35mm,30.9mm,Bottom,270.0
R33,34.5mm,30.5mm,Bottom,270.0
R34,8.4mm,44.3mm,Bottom,90.0
U4,58.0mm,74.3mm,Bottom,180.0
U6,6.935mm,86.775mm,Bottom,180.0
U8,27.825mm,78.095mm,Bottom,90.0
U9,5.65mm,70.7mm,Bottom,180.0
U10,5.65mm,61.95mm,Bottom,180.0
U11,5.65mm,53.4mm,Bottom,180.0
C11,4.1mm,19.8mm,Top,270.0
C12,4.1mm,16.7mm,Top,90.0
C13,19.225mm,17.46mm,Top,270.0
C24,10.1mm,11.5mm,Top,270.0
C25,10.1mm,8.0mm,Top,90.0
C26,26.1mm,8.0mm,Top,270.0
D3,21.5mm,79.0mm,Top,90.0
D5,21.5mm,71.5mm,Top,90.0
F1,25.3mm,19.5mm,Top,270.0
F2,23.5mm,25.1mm,Top,0.0
F3,23.1mm,19.5mm,Top,270.0
F4,20.9mm,19.5mm,Top,270.0
G1,91.5mm,6.0mm,Top,0.0
G2,74.5mm,8.0mm,Top,0.0
G3,42.0mm,52.46mm,Top,90.0
G4,49.62mm,52.46mm,Top,90.0
J1,91.39mm,91.725mm,Top,0.0
J2,13.1mm,93.225mm,Top,0.0
J3,93.225mm,81.7mm,Top,270.0
J4,11.775mm,28.3mm,Top,90.0
J5,11.775mm,47.7mm,Top,90.0
J6,100.65mm,40.4mm,Top,270.0
J7,85.5mm,5.5mm,Top,90.0
J8,60.875mm,7.2mm,Top,90.0
J9,52.5mm,6.5mm,Top,0.0
J10,62.8mm,93.225mm,Top,0.0
J11,82.99mm,91.725mm,Top,0.0
J12,74.59mm,91.725mm,Top,0.0
J13,66.19mm,91.725mm,Top,0.0
J14,16.49mm,91.725mm,Top,0.0
J15,24.89mm,91.725mm,Top,0.0
J16,33.29mm,91.725mm,Top,0.0
J17,41.69mm,91.725mm,Top,0.0
J18,15.815mm,80.45mm,Top,0.0
J19,15.815mm,72.05mm,Top,0.0
J20,15.815mm,63.65mm,Top,0.0
J21,15.815mm,55.25mm,Top,0.0
J22,15.815mm,40.05mm,Top,0.0
J24,91.765mm,80.85mm,Top,0.0
P1,34.5mm,60.0mm,Top,0.0
P2,37.4mm,60.0mm,Top,0.0
P3,65.0mm,5.0mm,Top,0.0
P4,65.0mm,10.0mm,Top,0.0
P5,44.1mm,48.5mm,Top,0.0
P6,41.56mm,48.5mm,Top,0.0
P7,85.7mm,26.5mm,Top,0.0
P8,85.7mm,21.8mm,Top,0.0
P15,8.04mm,14.0mm,Top,0.0
P16,10.58mm,14.0mm,Top,0.0
P17,5.5mm,14.0mm,Top,0.0
P18,25.5mm,13.5mm,Top,0.0
Q7,25.16mm,65.0mm,Top,0.0
Q8,25.16mm,58.0mm,Top,0.0
Q9,25.16mm,51.0mm,Top,0.0
Q10,25.16mm,44.0mm,Top,0.0
Q11,25.16mm,37.0mm,Top,0.0
Q12,25.16mm,30.0mm,Top,0.0
R1,37.432497mm,82.425mm,Top,180.0
R4,45.974609mm,7.069609mm,Top,270.0
R9,19.225mm,20.46mm,Top,270.0
R10,31.1mm,74.95mm,Top,180.0
R11,32.7mm,80.85mm,Top,270.0
R14,26.1mm,10.9mm,Top,270.0
R35,97.25mm,93.0mm,Top,0.0
R36,97.25mm,90.5mm,Top,0.0
R37,97.25mm,88.0mm,Top,0.0
R38,100.7mm,93.0mm,Top,0.0
R39,100.7mm,90.5mm,Top,0.0
R40,100.7mm,88.0mm,Top,0.0
U1,11.5mm,20.0mm,Top,0.0
U2,18.125mm,10.54mm,Top,0.0
U3,78.51325mm,66.5mm,Top,270.0
U5,95.15mm,23.625mm,Top,180.0
U7,27.825mm,79.365mm,Top,90.0
D415,41.824999mm,22.424999mm,Bottom,270.0
R428,42.809399mm,8.979499mm,Bottom,90.0
R427,29.674999mm,7.624999mm,Bottom,0.0
R426,41.200798999999996mm,7.984899mm,Top,270.0
R425,39.892699mm,15.099999mm,Top,90.0
R424,39.892699mm,17.397099mm,Top,270.0
LED4,28.133098999999998mm,6.736098999999999mm,Top,270.0
LED3,41.200798999999996mm,10.134199mm,Top,90.0
LED2,40.974098999999995mm,15.124999mm,Top,90.0
LED1,40.974098999999995mm,17.372099mm,Top,270.0
R422,33.983399mm,6.624999mm,Bottom,180.0
C426,40.214999mm,12.024999000000001mm,Top,0.0
C425,37.524999mm,12.024999000000001mm,Top,180.0
F410,34.681999mm,20.291799mm,Top,0.0
C415,39.848399mm,6.324999mm,Bottom,0.0
C414,38.873399mm,15.834999mm,Bottom,180.0
U411,37.447199mm,10.974999mm,Bottom,90.0
D410,30.324999mm,19.991799mm,Bottom,180.0
R411,30.423399mm,22.891799mm,Bottom,270.0
D417,33.073399mm,23.124999mm,Bottom,180.0
C410,38.317999mm,21.184999mm,Bottom,180.0
D412,33.974999mm,23.741799mm,Top,180.0
R410,31.198399mm,23.774999mm,Top,0.0
D413,33.974999mm,22.116799mm,Top,180.0
C411,33.048398999999996mm,21.324999000000002mm,Bottom,0.0
R413,33.048398999999996mm,19.791799mm,Bottom,0.0
D414,30.524998999999998mm,21.324999000000002mm,Bottom,0.0
D418,34.254999mm,16.124999mm,Top,0.0
D416,39.126599mm,20.218699mm,Top,180.0
U410,38.723399mm,22.824999000000002mm,Top,180.0
C412,38.317999mm,23.224999mm,Bottom,180.0
C413,36.348399mm,22.387899mm,Top,90.0
D411,30.673399mm,21.316499mm,Top,0.0
U420,31.588399mm,12.216799mm,Bottom,180.0
R420,35.698398999999995mm,20.641899mm,Bottom,90.0
C429,33.883399mm,7.624999mm,Bottom,0.0
C427,34.604699mm,20.826899mm,Bottom,270.0
C428,31.694299mm,7.624999mm,Bottom,180.0
C423,32.521599mm,17.716798999999998mm,Bottom,90.0
C421,33.713198999999996mm,17.716798999999998mm,Bottom,90.0
C422,34.904699mm,17.716798999999998mm,Bottom,90.0
C424,31.324999mm,17.716798999999998mm,Bottom,270.0
R421,35.079699mm,15.954999mm,Bottom,0.0
R423,31.794299mm,6.624999mm,Bottom,180.0
D420,33.324999mm,5.624999mm,Top,0.0
C420,30.274998999999998mm,18.124999mm,Bottom,270.0
L420,38.224999mm,18.024999mm,Bottom,180.0
D421,38.574999mm,7.664199mm,Top,270.0
L421,32.824999mm,10.224999mm,Top,0.0
C474,81.08999899999999mm,79.3714mm,Bottom,180.0
R470,80.174999mm,83.025mm,Bottom,90.0
U471,81.121999mm,77.99mm,Top,90.0
R474,81.08959899999999mm,77.125mm,Bottom,90.0
R473,80.624999mm,78.3846mm,Bottom,180.0
R472,80.174999mm,80.9mm,Bottom,90.0
C473,82.07499899999999mm,77.025mm,Bottom,90.0
C472,80.224999mm,77.025mm,Bottom,270.0
U470,81.121999mm,81.965mm,Top,90.0
R471,81.07499899999999mm,83.025mm,Bottom,270.0
C471,82.07499899999999mm,82.975mm,Bottom,270.0
C470,82.07499899999999mm,80.85mm,Bottom,90.0
C752,49.625mm,66.225mm,Bottom,90.0
C753,47.699999999999996mm,66.25mm,Bottom,270.0
C755,52.825mm,68.25mm,Bottom,270.0
C756,52.825mm,70.38499999999999mm,Bottom,270.0
C757,51.875mm,70.38499999999999mm,Bottom,270.0
C760,46.125mm,75.57499999999999mm,Bottom,180.0
C761,53.714999999999996mm,78.52499999999999mm,Bottom,90.0
C762,47.960389mm,75.57856299999999mm,Bottom,0.0
C764,52.825mm,66.42999999999999mm,Bottom,90.0
C766,53.754999999999995mm,66.38mm,Bottom,90.0
R752,48.074mm,77.81574699999999mm,Bottom,270.0
R753,46.15mm,77.81574699999999mm,Bottom,90.0
R754,51.875mm,66.32499999999999mm,Bottom,90.0
R757,50.925mm,66.375mm,Bottom,270.0
R760,48.65mm,66.25mm,Bottom,270.0
R761,51.875mm,68.19999999999999mm,Bottom,90.0
R762,50.925mm,68.27499999999999mm,Bottom,90.0
R763,45.615mm,66.365mm,Bottom,270.0
R765,53.754999999999995mm,70.38499999999999mm,Bottom,90.0
R766,50.925073mm,70.372085mm,Bottom,90.0
U752,52.525mm,73.375mm,Bottom,270.0
U753,47.675mm,71.15928299999999mm,Bottom,180.0
U757,51.445783999999996mm,77.475mm,Bottom,270.0
C751,47.025mm,74.39999999999999mm,Top,180.0
C754,46.045mm,70.82499999999999mm,Top,0.0
C758,46.045mm,68.52499999999999mm,Top,180.0
C759,48.036592999999996mm,70.82499999999999mm,Top,0.0
C763,49.275mm,78.52499999999999mm,Top,90.0
C765,51.095mm,75.365mm,Top,270.0
C767,48.036592999999996mm,68.52499999999999mm,Top,0.0
C768,52.345mm,73.13499999999999mm,Top,0.0
C769,48.625mm,66.035mm,Top,90.0
D751,50.515mm,78.085mm,Top,270.0
R751,52.125mm,78.225mm,Top,90.0
R755,48.425mm,73.88499999999999mm,Top,90.0
R756,45.55mm,73.92999999999999mm,Top,270.0
R758,46.989215mm,73.175mm,Top,180.0
R759,49.425mm,73.88499999999999mm,Top,270.0
R764,46.045mm,69.82499999999999mm,Top,0.0
R767,48.036592999999996mm,71.82499999999999mm,Top,180.0
R768,48.036592999999996mm,69.82499999999999mm,Top,0.0
R769,46.045mm,71.82499999999999mm,Top,0.0
R770,49.435mm,75.785mm,Top,270.0
U751,47.106597mm,77.149294mm,Top,90.0
U754,51.725mm,68.97697mm,Top,180.0
U755,53.015mm,75.16499999999999mm,Top,270.0
U756,46.625mm,66.628205mm,Top,0.0
C771,39.225mm,71.875mm,Top,180.0
C772,38.525mm,66.975mm,Top,90.0
C773,39.872905mm,66.975mm,Top,90.0
D771,41.725mm,70.07499999999999mm,Top,90.0
R771,35.525mm,76.475mm,Top,90.0
R772,39.325mm,78.375mm,Top,180.0
R773,37.925000000000004mm,74.77499999999999mm,Top,90.0
R774,40.425000000000004mm,74.77499999999999mm,Top,90.0
R775,39.225mm,70.57499999999999mm,Top,180.0
R776,41.675000000000004mm,66.975mm,Top,90.0
R777,39.225mm,69.07499999999999mm,Top,180.0
U771,36.025mm,69.175mm,Top,270.0
C601,98.225mm,51.2mm,Bottom,0.0
C602,98.225mm,50.25mm,Bottom,0.0
C603,100.425mm,50.25mm,Bottom,180.0
C604,98.225mm,49.300000000000004mm,Bottom,0.0
C605,99.883332mm,63.125mm,Bottom,90.0
C606,100.425mm,49.300000000000004mm,Bottom,0.0
C607,96.0mm,66.8mm,Bottom,90.0
C608,89.75mm,49.525mm,Bottom,270.0
C617,92.400372mm,43.7mm,Bottom,0.0
C618,98.0mm,46.124936000000005mm,Bottom,90.0
D604,100.175mm,45.725mm,Bottom,270.0
R602,95.125mm,58.025000000000006mm,Bottom,270.0
R603,93.125mm,57.25mm,Bottom,90.0
R604,100.425mm,51.2mm,Bottom,180.0
R605,94.125mm,57.225mm,Bottom,270.0
R606,94.85mm,65.825mm,Bottom,270.0
R607,100.95mm,63.125mm,Bottom,270.0
R608,94.125mm,59.125mm,Bottom,90.0
R609,89.77499999999999mm,52.125mm,Bottom,270.0
R610,97.375mm,61.2mm,Bottom,270.0
R611,97.375mm,63.125mm,Bottom,270.0
R612,98.641666mm,63.125mm,Bottom,90.0
R613,91.475mm,53.1mm,Bottom,180.0
R614,90.7mm,49.520709000000004mm,Bottom,90.0
R615,91.175mm,51.575mm,Bottom,90.0
R616,91.2mm,66.775mm,Bottom,270.0
R618,93.125mm,54.5mm,Bottom,270.0
R619,94.125mm,55.325mm,Bottom,270.0
R620,95.125mm,55.325mm,Bottom,90.0
R621,90.265mm,43.7mm,Bottom,0.0
R622,91.2mm,64.825mm,Bottom,90.0
R623,95.125mm,53.45mm,Bottom,270.0
R624,88.8mm,49.525mm,Bottom,90.0
R629,94.411348mm,43.71mm,Bottom,180.0
R630,91.685mm,58.540000000000006mm,Bottom,270.0
U600,98.675mm,55.75mm,Bottom,0.0
U601,89.75mm,46.4mm,Bottom,90.0
U605,94.475372mm,47.9mm,Bottom,270.0
C600,100.05mm,57.9875mm,Top,0.0
C609,98.625mm,49.675000000000004mm,Top,0.0
C610,92.075mm,44.277mm,Top,90.0
C611,93.975mm,59.1mm,Top,0.0
C612,92.075mm,59.1mm,Top,180.0
C613,96.6mm,45.175000000000004mm,Top,90.0
C614,96.1mm,59.1mm,Top,180.0
C615,89.3mm,49.0mm,Top,180.0
C616,94.1375mm,47.325mm,Top,0.0
D600,99.2mm,67.7mm,Top,180.0
D601,100.52499999999999mm,54.925mm,Top,270.0
D602,100.52499999999999mm,51.95mm,Top,90.0
D603,89.695mm,47.41755mm,Top,0.0
Q600,95.975mm,63.260000000000005mm,Top,180.0
Q601,89.3mm,63.35mm,Top,270.0
R600,98.14999999999999mm,59.05mm,Top,0.0
R601,100.05mm,59.05mm,Top,0.0
R617,89.3mm,57.8mm,Top,180.0
R625,96.625mm,47.15mm,Top,90.0
R626,100.05mm,56.925mm,Top,0.0
R627,100.5mm,49.800000000000004mm,Top,0.0
R628,92.075mm,46.925000000000004mm,Top,270.0
U602,93.825mm,53.45mm,Top,180.0
U603,89.825mm,44.825mm,Top,0.0
U604,94.3mm,44.875mm,Top,90.0
R148,70.20001mm,16.5mm,Bottom,0.0
R142,68.80001mm,15.600000000000001mm,Bottom,0.0
U108,52.61981mm,48.691mm,Top,180.0
VD103,49.80001mm,44.105000000000004mm,Bottom,90.0
U101,77.85001mm,19.253600000000002mm,Top,90.0
C119,70.19991mm,23.980600000000003mm,Bottom,180.0
R147,61.188410000000005mm,16.1837mm,Bottom,180.0
R146,80.86611mm,17.6mm,Bottom,90.0
R141,67.80001mm,15.600000000000001mm,Bottom,0.0
U102,72.74351mm,20.971500000000002mm,Bottom,0.0
R109,72.68371mm,21.567200000000003mm,Top,0.0
R108,75.60001mm,21.956000000000003mm,Bottom,0.0
Q103,71.95721mm,19.503200000000003mm,Top,0.0
Q102,67.40501mm,16.900000000000006mm,Top,0.0
Q101,73.12751mm,16.665000000000006mm,Bottom,180.0
Q100,76.50001mm,19.305000000000003mm,Bottom,90.0
L100,66.60061mm,35.35mm,Bottom,0.0
F100,64.74501000000001mm,16.671600000000005mm,Bottom,0.0
C120,68.49991mm,35.5005mm,Top,180.0
C107,73.62151mm,18.900000000000002mm,Bottom,180.0
C106,73.59651000000001mm,23.243100000000002mm,Bottom,180.0
U110,74.04691mm,25.2951mm,Bottom,90.0
R145,74.00781mm,28.255300000000002mm,Bottom,180.0
R144,74.00781mm,27.309800000000003mm,Bottom,180.0
R143,80.60321mm,39.4688mm,Bottom,90.0
R107,71.88611mm,17.321600000000004mm,Top,180.0
D108,72.24691mm,15.950000000000003mm,Top,0.0
U107,50.893510000000006mm,39.4961mm,Bottom,180.0
U106,50.20761mm,26.068200000000004mm,Top,180.0
C134,50.893510000000006mm,41.232400000000005mm,Bottom,180.0
C126,49.904810000000005mm,24.124900000000004mm,Top,0.0
VD102,53.15381000000001mm,44.105000000000004mm,Bottom,90.0
VD101,49.80001mm,48.495000000000005mm,Bottom,270.0
VD100,53.15381000000001mm,48.495000000000005mm,Bottom,270.0
U109,52.61981mm,46.216mm,Top,180.0
U103,75.50001mm,32.875mm,Bottom,90.0
U100,77.89991mm,26.199500000000004mm,Top,270.0
U195,70.70001mm,40.35mm,Top,270.0
U190,56.50001mm,40.35mm,Top,270.0
U185,77.80001mm,40.35mm,Top,270.0
U180,63.600010000000005mm,40.35mm,Top,270.0
S101,61.80031mm,17.085700000000003mm,Top,180.0
S100,50.653510000000004mm,30.200000000000003mm,Top,270.0
R140,56.69991mm,46.400000000000006mm,Bottom,180.0
R111,80.50001mm,35.050000000000004mm,Bottom,0.0
R112,80.50001mm,34.0mm,Bottom,0.0
R117,80.50001mm,28.750000000000004mm,Bottom,0.0
R115,80.50001mm,30.85mm,Bottom,0.0
R116,80.50001mm,29.800000000000004mm,Bottom,0.0
R114,80.50001mm,31.900000000000002mm,Bottom,0.0
R113,80.50001mm,32.95mm,Bottom,0.0
R110,80.50001mm,36.1mm,Bottom,0.0
R120,50.18171mm,22.913000000000004mm,Top,180.0
R100,80.79991mm,26.200000000000003mm,Bottom,270.0
R258,60.04231mm,46.905100000000004mm,Bottom,90.0
R255,80.85001mm,48.800000000000004mm,Bottom,90.0
R256,59.100010000000005mm,44.2mm,Bottom,270.0
R254,80.95001mm,46.35mm,Top,90.0
R245,63.399910000000006mm,47.85mm,Bottom,180.0
R227,68.20001mm,47.85mm,Bottom,180.0
R200,77.79991mm,47.85mm,Bottom,180.0
R197,70.69991mm,39.0mm,Bottom,0.0
R196,70.70001mm,41.800000000000004mm,Bottom,180.0
R195,67.84991000000001mm,42.300000000000004mm,Bottom,90.0
R191,56.600010000000005mm,39.0mm,Bottom,0.0
R190,56.600010000000005mm,41.800000000000004mm,Bottom,180.0
R186,77.80001mm,39.0mm,Bottom,0.0
R185,77.80001mm,41.800000000000004mm,Bottom,180.0
R181,63.600010000000005mm,39.0mm,Bottom,0.0
R180,63.600010000000005mm,41.800000000000004mm,Bottom,180.0
R139,55.50001mm,48.900000000000006mm,Top,90.0
R138,56.700010000000006mm,48.900000000000006mm,Top,90.0
R137,57.90001mm,48.900000000000006mm,Top,90.0
R136,59.100010000000005mm,48.900000000000006mm,Top,90.0
R135,55.50001mm,47.900000000000006mm,Top,270.0
R132,56.700010000000006mm,47.900000000000006mm,Top,270.0
R126,57.90001mm,47.900000000000006mm,Top,270.0
R124,59.100010000000005mm,47.900000000000006mm,Top,270.0
R119,79.90001000000001mm,35.0mm,Top,270.0
R118,79.90001000000001mm,30.900000000000002mm,Top,270.0
R253,61.50001mm,48.900000000000006mm,Top,270.0
R252,62.700010000000006mm,48.900000000000006mm,Top,270.0
R251,63.90001mm,48.900000000000006mm,Top,270.0
R250,65.10001mm,48.900000000000006mm,Top,270.0
R249,61.50001mm,47.900000000000006mm,Top,90.0
R248,62.700010000000006mm,47.900000000000006mm,Top,90.0
R247,63.90001mm,47.900000000000006mm,Top,90.0
R246,65.10001mm,47.900000000000006mm,Top,90.0
R235,66.30001mm,48.900000000000006mm,Top,270.0
R234,67.50001mm,48.900000000000006mm,Top,270.0
R233,68.70001mm,48.900000000000006mm,Top,270.0
R232,69.90001000000001mm,48.900000000000006mm,Top,270.0
R231,66.30001mm,47.900000000000006mm,Top,90.0
R230,67.50001mm,47.900000000000006mm,Top,90.0
R229,68.70001mm,47.900000000000006mm,Top,90.0
R228,69.90001000000001mm,47.900000000000006mm,Top,90.0
R226,71.10001mm,48.900000000000006mm,Top,90.0
R225,72.30001mm,48.900000000000006mm,Top,90.0
R224,73.50001mm,48.900000000000006mm,Top,90.0
R223,74.70001mm,48.900000000000006mm,Top,90.0
R222,71.10001mm,47.900000000000006mm,Top,270.0
R221,72.30001mm,47.900000000000006mm,Top,270.0
R220,73.50001mm,47.900000000000006mm,Top,270.0
R219,74.70001mm,47.900000000000006mm,Top,270.0
R218,73.00001mm,47.85mm,Bottom,180.0
R208,75.90001000000001mm,48.900000000000006mm,Top,90.0
R207,77.10001mm,48.900000000000006mm,Top,90.0
R206,78.30001mm,48.900000000000006mm,Top,90.0
R205,79.50001mm,48.900000000000006mm,Top,90.0
R204,75.90001000000001mm,47.900000000000006mm,Top,270.0
R203,77.10001mm,47.900000000000006mm,Top,270.0
R202,78.30001mm,47.900000000000006mm,Top,270.0
R201,79.50001mm,47.900000000000006mm,Top,270.0
P106,58.600010000000005mm,36.95mm,Top,90.0
P105,66.22001mm,36.95mm,Top,90.0
P104,62.210010000000004mm,36.95mm,Top,90.0
P201,60.25001mm,48.400000000000006mm,Top,270.0
P200,80.80001mm,49.900000000000006mm,Top,270.0
J100,55.05001mm,27.1mm,Bottom,270.0
D100,77.40001000000001mm,26.907700000000002mm,Bottom,0.0
D205,50.80351mm,41.643600000000006mm,Top,270.0
D206,63.30001mm,45.1mm,Top,0.0
D203,68.10001mm,45.1mm,Top,0.0
D200,77.70001mm,45.1mm,Top,0.0
D116,76.36391mm,36.3005mm,Top,0.0
D115,72.12561000000001mm,36.3005mm,Top,0.0
D114,76.36391mm,34.36710000000001mm,Top,0.0
D113,72.12561000000001mm,34.36710000000001mm,Top,0.0
D112,76.36391mm,32.433800000000005mm,Top,0.0
D111,72.12561000000001mm,32.433800000000005mm,Top,0.0
D110,76.36391mm,30.500500000000002mm,Top,0.0
D109,72.24691mm,30.361100000000004mm,Top,0.0
D202,72.90001000000001mm,45.1mm,Top,0.0
C143,59.100010000000005mm,46.0mm,Top,90.0
C144,57.90001mm,46.0mm,Top,270.0
C145,56.700010000000006mm,46.0mm,Top,90.0
C146,55.50001mm,46.0mm,Top,90.0
C112,70.18781mm,36.6147mm,Bottom,180.0
C111,80.50001mm,37.1mm,Bottom,0.0
C123,54.90001mm,18.475mm,Bottom,180.0
C105,76.70001mm,24.700000000000003mm,Bottom,180.0
C100,79.27251mm,24.700000000000003mm,Bottom,0.0
C229,59.100010000000005mm,46.905100000000004mm,Bottom,270.0
C224,80.95001mm,48.300000000000004mm,Top,270.0
C223,80.95001mm,44.050000000000004mm,Top,270.0
C222,80.90001000000001mm,47.0mm,Bottom,90.0
C221,60.677310000000006mm,44.2272mm,Top,90.0
C220,60.784710000000004mm,44.2mm,Bottom,90.0
C225,65.29991000000001mm,45.150000000000006mm,Bottom,90.0
C226,64.20001mm,45.150000000000006mm,Bottom,90.0
C227,62.049910000000004mm,45.150000000000006mm,Bottom,90.0
C228,60.98471000000001mm,47.905100000000004mm,Bottom,270.0
C212,70.09991000000001mm,45.150000000000006mm,Bottom,90.0
C213,69.00001mm,45.150000000000006mm,Bottom,90.0
C214,66.84991000000001mm,45.150000000000006mm,Bottom,90.0
C215,65.80561mm,47.905100000000004mm,Bottom,270.0
C200,79.69991mm,45.150000000000006mm,Bottom,90.0
C201,78.60001mm,45.150000000000006mm,Bottom,90.0
C202,76.44991mm,45.150000000000006mm,Bottom,90.0
C203,75.40951mm,47.905100000000004mm,Bottom,270.0
C195,67.84991000000001mm,39.7mm,Bottom,90.0
C190,53.75001mm,39.85mm,Bottom,90.0
C185,74.95001mm,39.7mm,Bottom,90.0
C180,60.75001mm,39.7mm,Bottom,90.0
C142,55.50001mm,48.900000000000006mm,Bottom,90.0
C141,56.700010000000006mm,48.900000000000006mm,Bottom,90.0
C139,57.899910000000006mm,48.900000000000006mm,Bottom,270.0
C135,59.100010000000005mm,48.900000000000006mm,Bottom,90.0
C211,70.59191mm,47.905100000000004mm,Bottom,270.0
C210,71.64991mm,45.150000000000006mm,Bottom,90.0
C209,73.80001mm,45.150000000000006mm,Bottom,90.0
C208,74.89991mm,45.150000000000006mm,Bottom,90.0
C147,64.15001000000001mm,31.491300000000003mm,Bottom,0.0
F101,79.20001mm,18.302800000000005mm,Bottom,270.0
R134,69.95001mm,18.800000000000004mm,Bottom,180.0
R133,69.95001mm,17.625mm,Bottom,180.0
C133,69.80001mm,20.910000000000004mm,Bottom,270.0
R131,63.00401000000001mm,35.556200000000004mm,Bottom,0.0
R130,69.69991mm,30.375000000000004mm,Bottom,270.0
R129,69.69991mm,34.25mm,Bottom,270.0
Y101,67.41261mm,22.4826mm,Bottom,180.0
C116,66.47141mm,23.971400000000003mm,Bottom,0.0
C115,68.33561mm,23.957700000000003mm,Bottom,180.0
C124,64.15001000000001mm,32.6311mm,Bottom,180.0
R121,54.47461mm,16.123000000000005mm,Bottom,0.0
R106,60.65001mm,17.975mm,Bottom,180.0
J101,55.30001mm,17.25mm,Top,0.0
C108,68.20001mm,20.900000000000002mm,Bottom,180.0
R105,50.250910000000005mm,33.5189mm,Top,180.0
R104,50.45091000000001mm,34.7089mm,Top,180.0
R103,50.250910000000005mm,35.8189mm,Top,180.0
R125,49.700010000000006mm,47.38mm,Top,90.0
C104,75.85001mm,16.300000000000004mm,Bottom,270.0
C137,68.50481mm,36.5915mm,Top,180.0
D101,79.07051mm,22.055500000000002mm,Bottom,0.0
C101,52.108410000000006mm,16.123000000000005mm,Bottom,0.0
R102,80.27251mm,23.625500000000002mm,Bottom,0.0
R101,69.69991mm,26.500000000000004mm,Bottom,90.0
D102,50.40001mm,17.5mm,Top,270.0
Y102,64.75621000000001mm,27.513500000000004mm,Bottom,270.0
R122,50.40001mm,37.7mm,Bottom,180.0
R123,52.69021000000001mm,39.72410000000001mm,Bottom,90.0
R127,64.60001mm,21.800000000000004mm,Bottom,0.0
R128,60.92221000000001mm,35.556200000000004mm,Bottom,0.0
D106,72.24691mm,22.935100000000002mm,Top,0.0
D105,72.24691mm,24.735100000000003mm,Top,0.0
D107,66.09501mm,19.210500000000003mm,Bottom,0.0
D104,72.24691mm,26.535100000000003mm,Top,0.0
D103,72.24691mm,28.335100000000004mm,Top,0.0
C140,64.60001mm,22.900000000000002mm,Bottom,180.0
C132,67.03251mm,26.524900000000002mm,Bottom,270.0
C136,67.03251mm,28.6001mm,Bottom,90.0
C127,56.40001mm,35.556200000000004mm,Bottom,180.0
C138,80.86611mm,19.527800000000003mm,Bottom,270.0
C130,66.38251mm,33.6465mm,Bottom,180.0
C131,56.40001mm,36.7mm,Bottom,180.0
C122,66.38251mm,31.491300000000003mm,Bottom,0.0
C114,50.531710000000004mm,21.700000000000003mm,Top,180.0
C103,76.90001000000001mm,16.300000000000004mm,Bottom,270.0
C113,50.531710000000004mm,20.500000000000004mm,Top,0.0
C102,76.70001mm,23.625500000000002mm,Bottom,0.0
U105,60.990610000000004mm,27.650000000000002mm,Top,90.0
R430,37.675mm,55.224998mm,Top,90.0
C431,34.225mm,47.574998mm,Top,270.0
C430,34.225mm,51.274998000000004mm,Top,90.0
U430,37.475mm,49.954998mm,Top,0.0
D430,35.255mm,55.224998mm,Top,0.0
